KPI1,KPI2,KPI3,KPI4,KPI5
55227942.04524841,725242.7075540001,93.10344827586206,1.0,6
40678945.10604169,838946.469696,92.5,2.0,6
24796532.94483038,667576.4656400001,92.5925925925926,3.0,6
12359284.811056048,336275.26147,90.9090909090909,4.0,6
11980416.826776497,262344.44538,100.0,5.0,6
10078319.81678857,274244.83770000003,100.0,6.0,6
7828859.38033312,329790.572643,97.61904761904762,7.0,6
7485699.446739026,368183.22270000004,100.0,8.0,6
19354706.68596503,172405.7528000001,94.44444444444444,9.0,6
18908752.093643416,167398.898888,100.0,10.0,6
13486820.959879644,171220.9039,100.0,11.0,6
14594991.03206017,168189.935947,100.0,12.0,6
7506697.449502108,203783.2823999999,92.85714285714286,13.0,6
5834869.94157339,506319.272957,100.0,14.0,6
7534455.201240781,191130.68870000003,100.0,15.0,6
6711087.405350691,214965.5809900001,92.5925925925926,16.0,6
10629952.74255609,155060.96,100.0,17.0,6
7743718.526262808,174390.839678,100.0,18.0,6
7638676.17835142,174515.6264,92.3076923076923,19.0,6
8195042.42191445,164911.063071,100.0,20.0,6
12136624.851260567,140410.567468,100.0,21.0,6
47694905.72501195,113736.325652,100.0,22.0,6
5882728.758611158,214024.7609500001,94.5945945945946,23.0,6
5625163.177134637,209519.1742,100.0,24.0,6
7250086.19668528,153215.7710000001,100.0,25.0,6
10093681.08049171,527850.6039159999,80.0,26.0,6
5459300.014389165,209304.103431,100.0,27.0,6
6250776.656272348,158293.7372,100.0,28.0,6
3722012.63461766,566121.5080000005,90.0,29.0,6
4314991.322748426,255732.3184999999,100.0,30.0,6
52037203.80079137,92350.036464,100.0,31.0,6
5135012.565602294,176485.4747000001,100.0,32.0,6
54348269.421023935,83957.178919,96.875,33.0,6
9063450.07853296,102841.157053,95.65217391304348,34.0,6
8520491.409160392,102012.868278,97.89473684210527,35.0,6
6439403.169619249,114444.845566,93.75,36.0,6
46615236.87144915,81642.6233,100.0,37.0,6
2955854.8192594894,1329693.5128620001,96.875,38.0,6
7315479.015073523,106595.479899,100.0,39.0,6
9001478.819545547,94600.53450000001,96.55172413793103,40.0,6
52219763.58540328,119848.344147,75.86206896551724,41.0,6
6090530.027684549,110327.1282,96.29629629629629,42.0,6
5482518.142924664,114621.732884,100.0,43.0,6
7118682.181048049,171521.84649999999,88.23529411764706,44.0,6
5673263.383263648,108987.516,100.0,45.0,6
3538455.700771039,164575.76639499998,100.0,46.0,6
5846655.205541126,106336.304531,100.0,47.0,6
6537389.737827385,94780.496462,100.0,48.0,6
17011100.18762794,73180.1964199998,100.0,49.0,6
49000782.464836694,68250.2705,100.0,50.0,6
5953108.7097646445,99434.6422,100.0,51.0,6
5368091.549112562,206042.50564,89.47368421052632,52.0,6
5605647.441685116,100671.829747,93.75,53.0,6
3982636.421842398,122668.87479999999,97.5,54.0,6
3889686.71418921,125053.0325,100.0,55.0,6
4547770.712711649,245029.856431,85.71428571428571,56.0,6
2615638.4002749543,220112.93790000002,100.0,57.0,6
7288294.44903221,123533.37108,71.42857142857143,58.0,6
3916331.5247031106,251860.10126,66.66666666666666,59.0,6
2389848.667753038,267444.3452,100.0,60.0,6
3258795.748727329,129338.88356,95.83333333333334,61.0,6
11889202.944239201,65365.82658599999,100.0,62.0,6
3808175.6275121216,110555.2948,96.55172413793103,63.0,6
3384189.5146067888,310638.907182,83.33333333333334,64.0,6
7223696.120421121,75123.212801,97.67441860465115,65.0,6
5772384.876037257,128298.61,,66.0,6
7575810.893436337,68617.5555,100.0,67.0,6
9099711.17369507,63009.366599999994,100.0,68.0,6
4420512.930688695,149939.692492,85.71428571428571,69.0,6
2565556.555276589,153126.185,95.23809523809523,70.0,6
4981004.504827226,82146.6856,100.0,71.0,6
4698335.322500369,83948.27530000001,100.0,72.0,6
6374166.598970933,70873.67481999999,100.0,73.0,6
10189541.552726844,83217.751567,68.96551724137932,74.0,6
2606089.4565512734,134991.846472,92.0,75.0,6
3704554.731884544,96119.431648,100.0,76.0,6
12468557.310117755,54984.5999999999,100.0,77.0,6
6665788.658207582,98111.757564,80.0,78.0,6
2059401.5596664432,197241.8510439999,100.0,79.0,6
5186820.467819579,77979.351926,97.95918367346938,80.0,6
6670004.059930546,65079.13924200001,100.0,81.0,6
2619987.313529711,127727.14152999989,90.9090909090909,82.0,6
15072161.970119387,73873.29590000001,62.5,83.0,6
49169082.25137092,45219.245800000004,100.0,84.0,6
3473920.116254173,84741.93328699999,91.66666666666666,85.0,6
5213756.1445317045,102990.88,66.66666666666666,86.0,6
3245695.71682903,86259.867168,90.625,87.0,6
5224406.116625056,64605.549462999996,100.0,88.0,6
2308526.240103773,116186.174958,97.43589743589743,89.0,6
3103424.86617187,85570.68071300001,91.17647058823529,90.0,6
4021692.024845697,71221.455496,94.28571428571428,91.0,6
8310706.2063623,66721.4589,,92.0,6
2886776.232520834,87048.04861299999,94.11764705882352,93.0,6
3387306.1519744727,114084.743652,33.33333333333333,94.0,6
41563160.09800882,54762.16645199999,77.77777777777779,95.0,6
3408810.430552246,72539.9155,93.93939393939394,96.0,6
6570218.284980261,47461.4888459999,100.0,97.0,6
23392875.8876795,33423.320452,100.0,98.0,6
1743026.639030552,141989.559216,100.0,99.0,6
2177376.980000009,107268.3429,97.61904761904762,100.0,6
2815594.28849216,123906.92761,77.77777777777779,101.0,6
1241817.347405365,266900.839547,97.05882352941177,102.0,6
1786703.258925783,126171.3929100001,100.0,103.0,6
2863782.9755401677,77877.02555299998,95.45454545454545,104.0,6
6660698.416561917,42295.16781099999,100.0,105.0,6
4998195.8014436085,76713.79166,77.77777777777779,106.0,6
20457630.12939942,29519.49,100.0,107.0,6
3113105.057090231,71565.55,100.0,108.0,6
4680933.608080009,79325.053324,70.0,109.0,6
5902314.775989603,66260.3327,83.33333333333334,110.0,6
12733583.053284066,32291.98,100.0,111.0,6
2804976.5747863324,113488.152072,73.91304347826086,112.0,6
7494132.615093214,37597.859542000006,100.0,113.0,6
2878546.854660334,71852.597163,100.0,114.0,6
7467830.348599048,35853.172791000005,100.0,115.0,6
5969085.010117268,42226.0053,100.0,116.0,6
10385611.51537378,31538.995291999992,100.0,117.0,6
2117675.49466532,92532.13,96.29629629629629,118.0,6
5708642.54340611,64642.43691599998,71.42857142857143,119.0,6
4913398.255002184,69614.44764900001,82.35294117647058,120.0,6
8598571.56500967,49873.90999999996,50.0,121.0,6
5194800.521812321,43985.74788,100.0,122.0,6
2598068.46126343,75781.79908000001,93.33333333333333,123.0,6
1927924.3515915142,98314.66487200001,100.0,124.0,6
1862703.0448831315,168719.125773,61.904761904761905,125.0,6
2242579.945446834,82721.5172,100.0,126.0,6
2868998.37003419,67384.5254,100.0,127.0,6
1950605.941174768,94573.0542,100.0,128.0,6
5129450.306610879,42464.02067199999,100.0,129.0,6
4547003.246928692,68323.340102,80.0,130.0,6
3269600.904546266,56108.42000000001,100.0,131.0,6
1243028.8183868718,148270.66379199992,100.0,132.0,6
1880630.8443861608,90329.29186900001,100.0,133.0,6
3448880.891156986,53400.33754,100.0,134.0,6
3914386.100677399,69029.235858,87.5,135.0,6
99591367.782707,19077.196099999997,100.0,136.0,6
2387434.402895288,71722.351818,100.0,137.0,6
1483978.68,179273.3848,,138.0,6
4672580.247919019,39482.78733,100.0,139.0,6
1537892.1749026994,100280.71538000001,100.0,140.0,6
8185176.131368525,25474.9594,100.0,141.0,6
2541762.4251659946,61784.961524,100.0,142.0,6
3184259.2407463184,70513.94498100001,,143.0,6
2242900.11428895,92370.62,-50.0,144.0,6
13581094.607831556,18016.174892000003,100.0,145.0,6
4172679.610898446,54070.890025999994,80.0,146.0,6
751692.5288442767,248761.052778,100.0,147.0,6
2401716.85424594,57703.20466200001,100.0,148.0,6
2683231.331966824,71206.617065,86.95652173913044,149.0,6
75365306.8283197,13224.764000000001,100.0,150.0,6
1765431.51125,105668.0303,62.5,151.0,6
8931963.559176411,16999.0528,100.0,152.0,6
944683.5007458288,555151.3500009999,83.33333333333334,153.0,6
1488111.1431803461,80150.2282,90.0,154.0,6
3138016.248308374,58917.80812299997,10.0,155.0,6
2731841.897745816,43720.39983,100.0,156.0,6
2648398.500097403,45231.45411999998,100.0,157.0,6
5356290.649795889,37131.89122200001,85.71428571428571,158.0,6
2623632.107430025,65313.16367699998,80.0,159.0,6
937128.8209964888,125460.56608,100.0,160.0,6
1148733.8510924352,159861.9510029999,87.5,161.0,6
4859081.616996645,38696.57916,60.0,162.0,6
7868579.667777406,14854.5754,100.0,163.0,6
2684369.274551459,60937.019341999985,77.77777777777779,164.0,6
6103093.509400259,18765.239999999998,100.0,165.0,6
2872633.812079849,56178.784136,87.5,166.0,6
3299763.893936987,30718.814985999998,100.0,167.0,6
3927160.0638981964,40510.38407999998,-40.0,168.0,6
1817255.2227063589,58945.7673,100.0,169.0,6
5042303.417147486,21002.4845,100.0,170.0,6
7674476.217361182,13936.88392,100.0,171.0,6
3025683.192485915,33552.73183999999,100.0,172.0,6
2838004.6195939146,34325.74342,100.0,173.0,6
927676.8360027256,108144.223297,90.9090909090909,174.0,6
2261883.804498692,62692.1985,46.15384615384615,175.0,6
2094827.1887829981,65961.17910000001,63.63636363636363,176.0,6
6012695.261028295,26076.235099999998,75.0,177.0,6
1089446.7240486438,84177.419961,94.44444444444444,178.0,6
1909801.797517379,51535.41129999999,90.0,179.0,6
4739124.384417737,19372.196,100.0,180.0,6
714902.0625480452,132106.9403,100.0,181.0,6
1369740.296601351,97305.7302,81.81818181818183,182.0,6
2441698.120381498,56788.9207,0.0,183.0,6
6430458.631460979,13988.02,100.0,184.0,6
3569401.614997926,36780.933163,25.0,185.0,6
3704913.1860001828,23142.28,100.0,186.0,6
443529.62581124716,239514.75154899998,98.30508474576271,187.0,6
2449814.722194675,35055.414587,100.0,188.0,6
6181427.767734704,13390.364488,100.0,189.0,6
4690180.672331752,27021.35320999999,75.0,190.0,6
4751342.502570175,26799.16906099993,27.27272727272727,191.0,6
1111100.4755998477,75299.73520000001,100.0,192.0,6
3712974.9147323603,20260.9702,100.0,193.0,6
1778258.2446591323,47772.74854,90.9090909090909,194.0,6
465741.65710937406,180937.596984,92.3076923076923,195.0,6
761403.2885407961,108398.521498,90.9090909090909,196.0,6
1753126.99072552,47670.00864899999,100.0,197.0,6
2041823.895273545,56917.07802599999,33.33333333333333,198.0,6
2405677.96040689,49827.926323,75.0,199.0,6
5580108.8615441285,13754.79178,100.0,200.0,6
3012749.4683882417,25283.480869,100.0,201.0,6
4215959.09624903,26348.102572,,202.0,6
908565.376075542,83523.113545,100.0,203.0,6
1733939.316545424,65039.90000000001,85.71428571428571,204.0,6
1534105.0014914041,50869.414198,100.0,205.0,6
2533113.9167545154,43073.324,66.66666666666666,206.0,6
2466056.6413448127,28173.23376,100.0,207.0,6
3212368.5237241527,32911.66868499996,78.94736842105263,208.0,6
6930795.496652674,15051.93,,209.0,6
1348267.4300838872,55567.969048,100.0,210.0,6
17192088.804710586,5831.49,100.0,211.0,6
1600922.2184431267,43177.26622199999,96.29629629629629,212.0,6
1908037.5036635404,36017.75160000002,100.0,213.0,6
1299473.018354699,73228.2973,85.71428571428571,214.0,6
20957249.8998837,4981.85474,100.0,215.0,6
3123919.155465014,18281.85,100.0,216.0,6
1236678.2601603302,55379.76999999999,95.83333333333334,217.0,6
2455794.879820941,25624.632150999998,95.83333333333334,218.0,6
1103241.993696881,60881.002573999984,100.0,219.0,6
3145172.592114268,26571.2893,85.71428571428571,220.0,6
1447091.041061055,62587.5962,88.88888888888889,221.0,6
2569419.847299885,34123.378165999995,83.33333333333334,222.0,6
2840541.567206951,28603.588006,85.71428571428571,223.0,6
512422.632499996,112948.0855,100.0,224.0,6
3072288.2674181135,16278.7754,100.0,225.0,6
1421070.8632684085,62161.096300000005,83.33333333333334,226.0,6
3314824.729695659,14091.292344,100.0,227.0,6
1033073.25,79623.898908,66.66666666666666,228.0,6
2689068.362158425,18335.41,100.0,229.0,6
1068823.887140246,77408.29370699999,60.0,230.0,6
2036722.11715358,40531.4633,85.71428571428571,231.0,6
1451841.0119488002,38696.95999999999,100.0,232.0,6
961969.340574588,82098.66988600009,34.61538461538461,233.0,6
850260.341067099,88055.53361199977,0.0,234.0,6
4197218.996978813,10558.24,100.0,235.0,6
800317.0583599079,91834.899,66.66666666666666,236.0,6
1947387.272991707,26056.7843,100.0,237.0,6
968435.2562925422,76795.29339499999,66.66666666666666,238.0,6
1023009.7479044071,54809.916807999994,98.0,239.0,6
1198380.4296354258,44740.05034799999,100.0,240.0,6
645745.9458152849,109378.5281790001,33.33333333333333,241.0,6
1444433.33,53395.821896,33.33333333333333,242.0,6
764954.9893403002,91954.352622,84.0,243.0,6
767744.7679021838,65607.03398000001,93.54838709677419,244.0,6
4365787.798897666,8271.57,100.0,245.0,6
2708435.0915895635,14330.7316,100.0,246.0,6
1992739.9259224,33970.22750199999,44.44444444444444,247.0,6
2892141.026307456,13378.374272000001,100.0,248.0,6
1506269.032708766,42939.39023599999,70.0,249.0,6
1790835.410109931,35352.941558,76.47058823529412,250.0,6
882558.1322156371,54039.8832,100.0,251.0,6
2235805.763054276,25651.91853699999,58.97435897435898,252.0,6
503063.3290320162,111817.217571,86.36363636363636,253.0,6
2105512.098502718,26135.010342,33.33333333333333,254.0,6
2117878.7717866953,15931.8194,94.73684210526315,255.0,6
2111174.654732596,26034.448786,66.66666666666666,256.0,6
164875.71650675777,155667.2669,100.0,257.0,6
3706599.414970913,12478.415987,80.0,258.0,6
1415791.2247721313,26945.82,100.0,259.0,6
2221567.209545592,14581.3733,100.0,260.0,6
1162694.0553662067,35146.780464,100.0,261.0,6
210027.29347593198,126783.4939,100.0,262.0,6
2651835.822881846,11393.4549,100.0,263.0,6
2633914.341862593,10968.465772,100.0,264.0,6
4885493.630710676,4509.2300000000005,100.0,265.0,6
3222804.149953906,7060.68,100.0,266.0,6
883867.475745947,59182.398821999996,66.66666666666666,267.0,6
4498603.685254389,4774.680228,100.0,268.0,6
1372179.461739764,35819.3044,66.66666666666666,269.0,6
1495817.3337106672,31622.660819999997,88.88888888888889,270.0,6
1596476.975833365,28403.86279899996,65.38461538461539,271.0,6
1908445.8343847662,14834.22802,100.0,272.0,6
3379530.586785877,6667.36,100.0,273.0,6
262966.41000000405,104781.9353,100.0,274.0,6
1839160.1511620819,15092.945458,100.0,275.0,6
524512.86699375,65216.768485,100.0,276.0,6
2159752.1389820846,18833.01400499998,88.23529411764706,277.0,6
2027239.4577777325,20332.0636,75.0,278.0,6
744399.958125,48883.000000000015,100.0,279.0,6
1798907.0058424268,24753.413966000007,57.14285714285714,280.0,6
1809293.142213128,14195.0363,100.0,281.0,6
3590429.8163885986,4822.698187,100.0,282.0,6
2051266.761037514,12342.6486,100.0,283.0,6
1862409.592261407,20520.7338,0.0,284.0,6
1654582.3053956283,24860.859766,62.5,285.0,6
1598790.4743431984,15104.911118,100.0,286.0,6
2136819.35,10581.66006,100.0,287.0,6
1415156.4214148752,27166.135928999967,66.66666666666666,288.0,6
958798.492723434,31215.725594,100.0,289.0,6
2046970.951763817,15183.607899999999,,290.0,6
1427858.974161512,16923.053896,100.0,291.0,6
3111227.19324116,4892.32,100.0,292.0,6
1997713.887994687,10580.738932,100.0,293.0,6
339570.33036155,89499.5384,33.33333333333333,294.0,6
719125.6635193205,38513.8747,100.0,295.0,6
953489.2033660404,26894.22023299999,100.0,296.0,6
1578245.1481440237,19199.56848299998,64.70588235294117,297.0,6
1055476.3101170624,33668.23111,89.28571428571429,298.0,6
1980579.7551655238,8859.543777,100.0,299.0,6
1409064.458274912,14755.432834,100.0,300.0,6
2358831.9928906797,6784.5599999999995,100.0,301.0,6
2484693.969983907,5748.83,100.0,302.0,6
1028428.8911528342,21396.315924,100.0,303.0,6
541755.2229050001,43304.5313,100.0,304.0,6
571718.47422756,41781.93036600001,94.11764705882352,305.0,6
753457.7348857848,32509.1742,100.0,306.0,6
541996.593828125,58558.23,,307.0,6
1047552.425924015,19714.39,100.0,308.0,6
2025921.726916093,12236.242750000001,68.75,309.0,6
1259926.82925539,21367.139918,57.14285714285714,310.0,6
2198936.1864477997,6034.6741,100.0,311.0,6
55445227.436274,408.590144,16.666666666666664,312.0,6
517907.242514889,42330.882084,100.0,313.0,6
1803153.511716548,8110.57,100.0,314.0,6
2464641.447796604,4764.98184,100.0,315.0,6
1573801.11175951,10189.94,100.0,316.0,6
1478118.6075473204,15777.253958000001,66.66666666666666,317.0,6
409387.2055913194,46686.2123,100.0,318.0,6
5226700.95826248,1693.9965,,319.0,6
1473157.412669917,10680.448155,95.45454545454545,320.0,6
849402.03805418,32994.4014,,321.0,6
1179387.8372067274,20933.271588000003,62.5,322.0,6
1003092.594887429,16940.880766000002,100.0,323.0,6
531747.8851725452,35635.65820000001,100.0,324.0,6
1377274.7164840042,15963.129095,87.5,325.0,6
1371101.3637326267,16160.428745000001,84.21052631578947,326.0,6
3821126.017330245,2928.0969,,327.0,6
3156694.2334135263,3743.1400000000003,,328.0,6
371408.22092527995,45654.639800000004,100.0,329.0,6
631655.94,40011.6222,66.66666666666666,330.0,6
784437.8364497456,22925.51750000001,100.0,331.0,6
1301653.018829165,10819.06156,100.0,332.0,6
1740391.778896483,6775.7714,100.0,333.0,6
615765.743307686,27632.510560000002,100.0,334.0,6
1528688.4472167972,7632.069600000001,100.0,335.0,6
454255.29583109496,50118.73360199998,62.5,336.0,6
1500076.935351564,7223.825632,100.0,337.0,6
1321272.230257754,14020.970000000001,,338.0,6
409138.53521728906,51436.74354399997,38.88888888888889,339.0,6
1235686.4827662269,14610.24984,66.66666666666666,340.0,6
1851054.9068181845,7723.962264,,341.0,6
2964214.841189063,3070.5,,342.0,6
590884.5532438763,26159.113241999963,95.65217391304348,343.0,6
1493572.6105111476,10784.510000000002,,344.0,6
5611461.526686242,733.4000000000001,,345.0,6
2456054.464014211,2151.8199999999997,100.0,346.0,6
1235924.585009164,13939.235498,35.714285714285715,347.0,6
2367948.327880549,2556.278316,100.0,348.0,6
469712.640509884,30188.78915,100.0,349.0,6
478773.640117187,41126.503272,66.66666666666666,350.0,6
1173575.382158621,9015.205052,94.73684210526315,351.0,6
-228068.15530505788,198123.835466,100.0,352.0,6
1644769.1989405404,4824.543059,100.0,353.0,6
397800.9693612579,43473.304672,0.0,354.0,6
4138747.974319513,945.31,,355.0,6
543499.8212355513,33472.86,50.0,356.0,6
1270378.486747526,11934.2072,66.66666666666666,357.0,6
520590.100238427,35070.75433799999,81.81818181818183,358.0,6
2868782.284759012,2097.05,,359.0,6
530908.9084716102,33365.159818,77.77777777777779,360.0,6
975389.2173189784,10787.364,100.0,361.0,6
1169175.460492848,12580.728816,50.0,362.0,6
3185186.9382463116,1390.40904,,363.0,6
6488079.749590729,294.72,,364.0,6
1574724.0746971075,7084.166362,83.33333333333334,365.0,6
-454249.7570124883,183904.7598600003,93.33333333333333,366.0,6
765197.522271077,14697.23,100.0,367.0,6
893795.143917483,12560.07,100.0,368.0,6
1367476.663251504,8824.67,0.0,369.0,6
1085393.2607430874,13001.187024,75.0,370.0,6
450905.45348632475,25830.727604,100.0,371.0,6
1036938.647472524,8432.9762,100.0,372.0,6
967815.233611387,9339.12182,100.0,373.0,6
979077.74,8762.952572,100.0,374.0,6
267995.39183902217,36345.8611,100.0,375.0,6
3258277.110401518,884.53,,376.0,6
1090379.286450907,11896.93,,377.0,6
-1077266.7385331849,204751.4176,90.0,378.0,6
-2779678.23712225,384194.85556,100.0,379.0,6
99267.19159453364,51578.68965399996,97.82608695652173,380.0,6
1447542.608593916,3520.91158,100.0,381.0,6
773698.804151186,12175.4048,100.0,382.0,6
387584.2371606218,25051.3157,100.0,383.0,6
703917.9466037661,13584.06,100.0,384.0,6
-187627.78256956534,119957.157477,100.0,385.0,6
1649220.3611324972,4626.13,,386.0,6
463946.1594088359,19857.0444,100.0,387.0,6
1235538.499599609,4987.22,100.0,388.0,6
-2655886.89079934,269837.7864,100.0,389.0,6
-1342169.9118756598,182568.57909999997,100.0,390.0,6
-75270.1612370271,109930.6319919999,100.0,391.0,6
-526948.1658562517,134507.9359639999,100.0,392.0,6
1405158.467765127,3532.0319010000003,100.0,393.0,6
723148.4366455,16810.113565,88.88888888888889,394.0,6
1250886.075341741,4592.32,100.0,395.0,6
1442299.5221875883,5458.700000000001,,396.0,6
970044.997497944,7039.657695,100.0,397.0,6
1173225.377205173,4911.04,100.0,398.0,6
1492414.6116654528,2847.7799999999997,100.0,399.0,6
776224.676824635,10390.92272,100.0,400.0,6
904663.7129577361,8026.0138640000005,100.0,401.0,6
108318.17216677591,43379.887,100.0,402.0,6
1189903.017187225,7127.0064,,403.0,6
698504.957353059,12244.31,100.0,404.0,6
-1194538.772246094,155497.65433699999,100.0,405.0,6
-3771076.734105167,247744.350611,100.0,406.0,6
2013608.19793861,1865.2834389999998,,407.0,6
1837811.367089717,2637.0,,408.0,6
1239341.30682689,3557.98,100.0,409.0,6
1744311.724759632,2966.2822,,410.0,6
619876.2236730015,12417.029999999999,100.0,411.0,6
1011471.41869677,5400.470288,100.0,412.0,6
-360035.87281823694,111063.02176699998,100.0,413.0,6
1562549.372870238,1630.01,100.0,414.0,6
2635040.116607851,335.0377,100.0,415.0,6
1422150.182174304,4192.2427,,416.0,6
718466.416923828,9449.187773,100.0,417.0,6
1169096.8794990894,3561.8199999999997,100.0,418.0,6
-2210141.66346708,288759.8431000001,85.71428571428571,419.0,6
-855962.53347298,179921.3300000001,55.55555555555556,420.0,6
1954243.1127153586,1583.9096,,421.0,6
1659461.025771309,1142.06,100.0,422.0,6
-26150122.201947354,245710.44803600002,100.0,423.0,6
15031565.113627678,0.0,,424.0,6
-525732.1428466437,132562.428186,58.82352941176471,425.0,6
823481.303139263,9312.68,,426.0,6
813201.2,6607.700000000001,100.0,427.0,6
1694285.45149652,931.3,100.0,428.0,6
1097651.636244598,3189.7887100000003,100.0,429.0,6
413163.02236088295,14555.514663,100.0,430.0,6
645187.109415974,8457.699999999999,100.0,431.0,6
710840.95,7746.57,100.0,432.0,6
906352.7719626565,5004.84,100.0,433.0,6
2374690.87021498,714.26,,434.0,6
-2247166.731791769,129462.400222,100.0,435.0,6
-2928974.8561950433,137512.023384,90.0,436.0,6
-6321694.866523221,322868.6606,50.0,437.0,6
323138.361095135,24418.221204,83.33333333333334,438.0,6
1079307.821337343,3022.42,100.0,439.0,6
-3658060.029821855,226713.80068,89.28571428571429,440.0,6
-3805143.95066619,142306.0397,97.22222222222221,441.0,6
125774.64750025168,29113.97909399999,100.0,442.0,6
793717.7180129233,5611.92,100.0,443.0,6
956081.5516427015,3633.602348,100.0,444.0,6
1166862.288567102,2432.81,100.0,445.0,6
15000.0,61755.343,,446.0,6
1206704.64466457,3481.01,,447.0,6
-1168636.0866654401,103237.8778,100.0,448.0,6
-332235.494860501,80694.83407999999,90.0,449.0,6
-3580340.3094894234,118230.0726539999,92.3076923076923,450.0,6
-5289028.727256179,179258.717146,62.5,451.0,6
-2447010.496597321,146030.599998,33.33333333333333,452.0,6
-513168.952314095,80867.518518,97.61904761904762,453.0,6
-75769.25091745627,84117.97467100008,8.333333333333332,454.0,6
1255024.305602511,1198.84,100.0,455.0,6
-1377701.906915894,116357.4849000001,66.66666666666666,456.0,6
3846529.10384192,10.4514,,457.0,6
-3289765.579333635,144130.280038,83.33333333333334,458.0,6
955158.392246114,2551.3199999999997,100.0,459.0,6
451063.3500000159,8847.962599999999,100.0,460.0,6
1672259.21064685,745.36,,461.0,6
-2233634.316992188,121518.611925,33.33333333333333,462.0,6
215348.04660199798,16233.667,93.75,463.0,6
-2557498.8870138084,125265.5314920001,66.66666666666666,464.0,6
832526.461679616,3030.099768,100.0,465.0,6
876939.7557469206,4753.48678,,466.0,6
-5962966.205197526,109814.855372,91.66666666666666,467.0,6
-5429850.64662541,109528.4982,100.0,468.0,6
1107009.379518015,1239.350652,100.0,469.0,6
383449.3824116396,13650.5928,86.66666666666667,470.0,6
596829.38,5228.8489,100.0,471.0,6
-835862.81,76696.67505399999,100.0,472.0,6
-106995.04980935669,72670.15034499997,89.65517241379311,473.0,6
-6937541.943931071,132874.0933,70.0,474.0,6
-60993.564112613676,58232.25559999997,100.0,475.0,6
992208.443413143,1244.08,100.0,476.0,6
599387.5834867794,4682.37,100.0,477.0,6
694306.0584121812,5660.98,,478.0,6
2165907.0351598216,32.6,100.0,479.0,6
0.0,56246.8064,,480.0,6
208202.0497253419,17957.052,,481.0,6
1161491.6819044156,1333.82,,482.0,6
971638.026507221,1085.004813,100.0,483.0,6
766595.8216523813,3658.04,80.0,484.0,6
440898.26769412355,6571.9792,100.0,485.0,6
669692.412833129,3078.229999999999,100.0,486.0,6
-694688.1625829949,79421.07430000001,-100.0,487.0,6
805051.8564559619,3135.03,,488.0,6
-4023599.0651056883,85027.14792799999,100.0,489.0,6
-933713.697607613,80929.6595,25.0,490.0,6
1257571.1290625,794.62,,491.0,6
-504687.6803125001,59385.90999999999,100.0,492.0,6
688160.7375805845,2809.6,100.0,493.0,6
-5064816.916080273,104875.267072,81.48148148148148,494.0,6
-183059.86703773748,63371.537168999996,83.33333333333334,495.0,6
258081.6979684822,13926.733306999999,31.25,496.0,6
-853950.9790811769,63074.801,100.0,497.0,6
789272.8630178797,1420.89312,100.0,498.0,6
-1657583.709577333,81811.7569,75.0,499.0,6
-288304.4050382569,63332.0361,66.66666666666666,500.0,6
1165660.852737073,808.0,,501.0,6
285586.991351066,8075.22,100.0,502.0,6
632624.3539958958,2487.82,100.0,503.0,6
929343.3047651512,1558.22,,504.0,6
-8252897.086716738,99491.414404,77.77777777777779,505.0,6
3240870.544032275,0.0,,506.0,6
-1802975.3992147697,80734.272574,85.71428571428571,507.0,6
434597.59029492806,6782.525064,14.285714285714285,508.0,6
-3352884.5722093387,72660.28626,95.83333333333334,509.0,6
642058.35,3447.09,-33.33333333333333,510.0,6
-984461.0091828079,58997.461199999976,100.0,511.0,6
-1679683.6864839033,78249.02703,75.0,512.0,6
22394.40875882603,21512.4882,100.0,513.0,6
817678.139268861,925.72,100.0,514.0,6
937890.5758885699,709.77,100.0,515.0,6
311094.841198747,6472.98,100.0,516.0,6
-11643382.018052073,94256.8464,80.0,517.0,6
102736.173394983,17062.37674,,518.0,6
1340214.7497147,152.99,100.0,519.0,6
71750.30041829817,19144.560052,20.0,520.0,6
604156.2976500251,3236.08,,521.0,6
-7147197.095378555,86802.58645399999,-16.666666666666664,522.0,6
225220.4292565113,8010.114546,100.0,523.0,6
603436.8004281957,1844.421787,100.0,524.0,6
127986.67858970998,14725.06028799999,50.0,525.0,6
806729.544041954,1348.23,,526.0,6
322193.16,5025.625906,100.0,527.0,6
551911.0469752598,2049.795846,100.0,528.0,6
273748.6042382662,6757.6,100.0,529.0,6
298943.870204753,5740.6574,100.0,530.0,6
748179.34784754,1683.72,,531.0,6
555689.181740623,3164.6228599999995,,532.0,6
568780.284578762,3084.2218000000003,,533.0,6
184286.77930202277,12294.2538,50.0,534.0,6
704610.684284438,1858.4461999999999,,535.0,6
-2417262.210531302,71216.791941,84.0,536.0,6
298828.0,7581.15,,537.0,6
282741.43775766634,5692.588212000001,100.0,538.0,6
873362.348398446,544.08,100.0,539.0,6
288580.864861927,5084.49999999999,100.0,540.0,6
393353.19546874997,3217.794,100.0,541.0,6
517447.0955946874,2146.01,100.0,542.0,6
297607.31767789397,7146.67934,25.0,543.0,6
-334621.45951440313,40805.0805,100.0,544.0,6
-1117868.4,50977.0793,100.0,545.0,6
1293577.4237246,211.023968,,546.0,6
-2340273.612724413,56556.08647299999,100.0,547.0,6
594513.473234393,1319.67,100.0,548.0,6
-1774912.2861547237,54904.1679,100.0,549.0,6
-500583.0972277389,38804.2712,100.0,550.0,6
516220.68578012864,1809.81,100.0,551.0,6
608615.005932081,1109.8899999999999,100.0,552.0,6
-313809.9086684991,45390.92894,53.84615384615385,553.0,6
842338.452356865,777.6800000000001,0.0,554.0,6
-35498.92,38198.05,66.66666666666666,555.0,6
215281.753461,8206.902434000001,75.0,556.0,6
363597.710200505,4817.3827,,557.0,6
200145.7079469222,6736.736547,100.0,558.0,6
508831.2504819858,1659.3224,100.0,559.0,6
4700.0,25203.5826,,560.0,6
-2782416.591453217,55343.52648,100.0,561.0,6
-1383019.334046949,56457.419475999995,62.5,562.0,6
526710.042673948,1240.45,100.0,563.0,6
137777.23968281242,9434.986712,60.0,564.0,6
57201.206678208124,11202.783852,100.0,565.0,6
370864.202411615,3872.34,,566.0,6
746234.657670869,862.83,,567.0,6
135997.5288139884,7031.0103,100.0,568.0,6
914679.581264221,422.65,,569.0,6
115827.24201597099,10753.9196,83.33333333333334,570.0,6
274782.9644158532,3796.5,100.0,571.0,6
734707.383787578,449.9,100.0,572.0,6
-2802459.615835773,59327.12794,88.23529411764706,573.0,6
1057121.46802947,213.3,,574.0,6
1276452.04452329,59.839999999999996,,575.0,6
278741.8157968081,3295.138,100.0,576.0,6
130141.32,8225.75,,577.0,6
-4100383.3672622703,50538.628000000004,100.0,578.0,6
-1333574.1367934342,38393.08549099999,92.85714285714286,579.0,6
-1101502.979999997,35284.493,100.0,580.0,6
-16398456.086629963,62244.15143,82.35294117647058,581.0,6
953639.491696161,217.07,,582.0,6
327409.621582217,1824.31,100.0,583.0,6
350275.83999999997,2884.5816999999997,0.0,584.0,6
-1111261.90886951,34210.3,100.0,585.0,6
-16057.971840630911,20549.29636000001,94.44444444444444,586.0,6
874780.3799761002,117.29,100.0,587.0,6
32311.26,13079.39,,588.0,6
247489.48966294603,2851.063792,100.0,589.0,6
234053.3370507813,4395.841014,,590.0,6
-2624311.1749452827,47001.793361000004,62.5,591.0,6
-272034.1561153836,24714.25459999999,100.0,592.0,6
-590057.78,26550.31,100.0,593.0,6
-3361875.342029497,48401.051512999984,84.61538461538461,594.0,6
337394.5723279973,2231.42,,595.0,6
624278.174656458,537.125916,0.0,596.0,6
-1966883.9088985822,41476.760485,66.66666666666666,597.0,6
-817025.249952565,34117.170472,77.77777777777779,598.0,6
303471.619961302,2495.69336,,599.0,6
-9335743.621967625,52708.78672999996,71.42857142857143,600.0,6
-218709.614684464,26348.93579999999,86.66666666666667,601.0,6
382924.5175083591,1525.4,,602.0,6
-1686623.2712013922,32653.3599,100.0,603.0,6
521690.611862558,384.976,100.0,604.0,6
250402.74851173547,1753.005298,100.0,605.0,6
-666991.3916134599,29422.05654199997,7.6923076923076925,606.0,6
777975.926022743,175.4,,607.0,6
573484.6765970727,499.15,,608.0,6
-147307.7147047977,24233.398126,86.11111111111111,609.0,6
28097.648220078423,7532.668900000001,100.0,610.0,6
466931.021738722,749.76,,611.0,6
550782.256140227,446.47,,612.0,6
387948.35961066803,940.05,,613.0,6
360642.38078124996,711.674959,100.0,614.0,6
418960.3370872433,494.94,100.0,615.0,6
402825.3508322297,846.3,,616.0,6
67976.84000000301,6227.5556799999995,,617.0,6
-3549675.700570064,38557.3,88.88888888888889,618.0,6
622433.037312938,130.26,100.0,619.0,6
481210.995566811,611.5,,620.0,6
-814661.438315057,21694.54,100.0,621.0,6
244621.373306582,2213.1,,622.0,6
170669.51819958,3085.75,-100.0,623.0,6
281223.3412970815,1538.4199999999998,,624.0,6
-1067852.0200759768,22617.482971999998,100.0,625.0,6
360955.23,828.339662,,626.0,6
342617.7315625,632.3100000000001,100.0,627.0,6
-525437.5141107262,17318.958534,100.0,628.0,6
629314.604461179,178.064772,,629.0,6
-70980.27517097502,13850.608838000011,100.0,630.0,6
-1590800.1823228535,28311.37124599998,50.0,631.0,6
-638274.483455035,23976.260000000002,0.0,632.0,6
251931.4936575934,1592.3,75.0,633.0,6
-1568435.0531366817,27882.9832,86.66666666666667,634.0,6
0.0,13108.2,,635.0,6
-665325.28,18122.85,100.0,636.0,6
-553691.4945763492,17068.44,100.0,637.0,6
96054.0301835109,4005.6,0.0,638.0,6
-34348.21605718109,12879.323414,100.0,639.0,6
-6667183.75029078,30097.5716,100.0,640.0,6
129010.1369816766,1868.54,100.0,641.0,6
223271.6984740085,1025.95,100.0,642.0,6
608692.076956643,163.9064,,643.0,6
-768585.1693338028,23122.91737699999,64.28571428571429,644.0,6
356496.663451365,714.02184,,645.0,6
729609.662391284,62.18,,646.0,6
73295.5033,4106.798376,,647.0,6
275376.418161203,1126.3899999999999,,648.0,6
-1416450.3385786302,25746.11130299999,80.0,649.0,6
795995.373263088,13.39,,650.0,6
0.0,11484.34,,651.0,6
336420.6611300874,702.41,,652.0,6
-172150.72235174224,12686.81,97.36842105263158,653.0,6
200278.599590341,1453.75,,654.0,6
658499.3853091,52.2549,,655.0,6
432074.3642232495,172.13,100.0,656.0,6
465031.703839482,258.99,,657.0,6
-138422.3972745754,13829.550281,20.0,658.0,6
22235.2777514223,5007.12,,659.0,6
-678063.619351065,17266.824168000003,75.0,660.0,6
120474.6751834442,1242.782368,100.0,661.0,6
987415.50599269,0.0,,662.0,6
197184.5209375,1231.2909,,663.0,6
352359.1731096608,406.69,,664.0,6
977395.326486329,0.0,,665.0,6
-8990223.79042969,27947.68255,75.0,666.0,6
-1615443.5774708001,20908.0925,,667.0,6
0.0,8176.7271,,668.0,6
222759.3550478401,754.96,,669.0,6
520457.460956203,100.04,,670.0,6
-11121528.853741175,23946.63,100.0,671.0,6
297472.229011374,287.0,100.0,672.0,6
-3305238.128606233,18623.54,100.0,673.0,6
152766.56,731.66,100.0,674.0,6
379142.66000000003,239.16,,675.0,6
562485.613871544,43.86,,676.0,6
-165646.21715839708,9163.4,97.05882352941177,677.0,6
272544.9460879661,594.94,,678.0,6
765582.424966673,0.0,100.0,679.0,6
309550.260061146,349.139272,,680.0,6
295425.88749939,392.65,,681.0,6
421763.00917592796,143.07,,682.0,6
189705.36815508298,789.3199999999999,,683.0,6
105409.9755401341,1249.97,,684.0,6
134023.494669607,1031.98,,685.0,6
-110151.66997832133,10061.2351,57.14285714285714,686.0,6
0.0,6756.1741,,687.0,6
-12782826.525123391,19261.7009,100.0,688.0,6
228950.8195898438,299.742572,100.0,689.0,6
79761.546588794,1512.7199999999998,,690.0,6
70680.7608959444,1036.37,100.0,691.0,6
-688470.528332279,13194.478407,-50.0,692.0,6
525274.271846384,20.38,,693.0,6
258007.352492139,376.89,,694.0,6
162567.53,672.71,,695.0,6
-546180.363609705,8811.3056,100.0,696.0,6
-1595249.2798484373,12409.750191000001,100.0,697.0,6
349886.735931911,108.63,,698.0,6
394492.260423293,43.46,,699.0,6
136627.55134598,546.35,,700.0,6
204549.7841995583,335.77149199999997,,701.0,6
198870.797612422,353.32,,702.0,6
300840.5899511719,119.67,,703.0,6
114126.6690190194,659.0,,704.0,6
352924.33692025,50.35,,705.0,6
136762.541373659,420.61,,706.0,6
-135523.29122433293,6713.929999999989,23.076923076923077,707.0,6
607905.814128357,0.0,,708.0,6
216644.7054102137,104.39,100.0,709.0,6
283617.3474041117,40.4,100.0,710.0,6
317898.222642537,48.365144,,711.0,6
-917921.0700000002,7554.714916,100.0,712.0,6
195324.155882723,246.09,,713.0,6
-152943.45591816102,6085.618399999999,71.42857142857143,714.0,6
-564184.2,7738.75,83.33333333333334,715.0,6
47150.32,791.23,,716.0,6
276684.2000400945,74.488068,,717.0,6
210340.7408080785,72.666072,100.0,718.0,6
116881.276362176,380.69,,719.0,6
314574.79110665695,29.27,,720.0,6
-15827.23000000001,3112.3,100.0,721.0,6
536008.196460057,0.0,,722.0,6
455522.415503204,0.0,100.0,723.0,6
-1090374.03,6957.425,91.66666666666666,724.0,6
129819.8551611328,282.48199999999997,,725.0,6
88583.56432165121,407.57,,726.0,6
3036.33,1535.64,,727.0,6
40635.3965746623,643.262648,,728.0,6
299709.4061278918,3.66,,729.0,6
-54855.0655447046,2593.3009,100.0,730.0,6
57661.5107420052,392.67184,,731.0,6
436047.725418164,0.0,,732.0,6
33930.4994523356,637.61,,733.0,6
305107.96875,0.04,,734.0,6
-274473.383447333,4113.1802,33.33333333333333,735.0,6
172851.3789453125,66.48,,736.0,6
38126.5569337123,338.4,100.0,737.0,6
53844.2606872726,229.35000000000002,100.0,738.0,6
31370.468292999198,599.01,,739.0,6
140625.82269301428,36.300000000000004,100.0,740.0,6
40366.8121226581,422.53000000000003,,741.0,6
139569.385322502,84.71,,742.0,6
59879.5748644829,300.89,,743.0,6
15212.1581611155,702.39,,744.0,6
260669.015595345,4.81,,745.0,6
-249644.09350704838,2692.57,100.0,746.0,6
372547.859379444,0.0,,747.0,6
95261.27,162.44,,748.0,6
125627.5375,80.96,,749.0,6
177058.937575066,30.13,,750.0,6
34080.9024298218,367.0,,751.0,6
41349.27,297.85,,752.0,6
29133.410000000003,246.4,100.0,753.0,6
37804.0973632813,313.11,,754.0,6
-236797.03893594918,2782.8136320000003,75.0,755.0,6
-88729.8868638484,1968.5199999999998,0.0,756.0,6
189125.223845212,6.44,,757.0,6
93431.25931619921,89.89,,758.0,6
0.0,955.407,,759.0,6
-6150732.416813357,6281.39,100.0,760.0,6
63419.73,63.46000000000001,100.0,761.0,6
43745.7070116991,167.52,,762.0,6
144033.11285322902,5.12,,763.0,6
-4819.82,1104.02,,764.0,6
153962.611555814,1.09,,765.0,6
40839.49,128.7,,766.0,6
64560.418087892,54.33,,767.0,6
-2496317.1005389267,4139.88,,768.0,6
10305.14,234.8,,769.0,6
44912.45796875001,50.92,,770.0,6
2910.0,331.45,,771.0,6
-206391.19102,1210.7400000000002,,772.0,6
1270.52,351.36,,773.0,6
0.0,523.6985999999999,,774.0,6
62950.5741635018,30.05,,775.0,6
202415.326352034,0.0,,776.0,6
200263.829499824,0.0,,777.0,6
3196.119999999999,255.67,,778.0,6
21025.7068127641,107.87,,779.0,6
64997.906189856,14.67,,780.0,6
19334.0196856867,102.17,,781.0,6
-319884.79,862.199999999999,100.0,782.0,6
63995.18,11.87,,783.0,6
86019.9299735159,0.47,,784.0,6
148999.18,0.0,,785.0,6
3969.36,158.67,,786.0,6
-21850.095114239997,525.87978,,787.0,6
5808.77,119.78999999999999,,788.0,6
47833.3481638567,2.43,,789.0,6
40164.0868941209,12.89,,790.0,6
0.0,269.8767,,791.0,6
38607.7664426731,8.87,,792.0,6
118933.244140625,0.0,,793.0,6
41550.1810424805,1.11,,794.0,6
0.0,223.93,,795.0,6
112630.425673045,0.0,,796.0,6
104734.52,0.0,,797.0,6
99622.8460038833,0.0,,798.0,6
17435.2160449219,15.729999999999999,,799.0,6
31436.3816259766,6.38,,800.0,6
98046.0203351436,0.0,,801.0,6
0.0,169.27,,802.0,6
94228.1125682044,0.0,,803.0,6
6262.32,46.3,,804.0,6
94001.32,0.0,,805.0,6
80196.31000000001,0.0,,806.0,6
78325.5132177734,0.0,,807.0,6
10000.0,19.03,,808.0,6
-746661.8227734375,742.86,-100.0,809.0,6
20486.92,1.28,,810.0,6
-292.22,204.85,,811.0,6
6833.3053910022,21.243896,,812.0,6
70684.5150097419,0.0,,813.0,6
2079.64,43.96,,814.0,6
10802.9795758649,6.48,,815.0,6
67041.3306860351,0.0,,816.0,6
-7562.889999999999,132.8,100.0,817.0,6
65000.0,0.0,,818.0,6
-9210.21,207.801324,,819.0,6
-58701.93,168.54,100.0,820.0,6
-16989.930000000004,209.74,,821.0,6
0.0,97.2385,,822.0,6
50212.7479419181,0.0,,823.0,6
48796.1016022785,0.0,,824.0,6
-10230.400000000001,152.74,,825.0,6
42910.3547569028,0.0,,826.0,6
41812.3,0.0,,827.0,6
7082.3058691406,0.36,,828.0,6
41216.30859375,0.0,,829.0,6
1459.3600000000008,9.74,,830.0,6
35131.2629631475,0.0,,831.0,6
4453.4778691567,0.09,,832.0,6
16586.5531152344,0.0,100.0,833.0,6
0.0,20.7741,,834.0,6
2000.0,0.19,,835.0,6
18603.22,0.0,,836.0,6
200.0,0.24,,837.0,6
17364.3452195557,0.0,,838.0,6
-2000.0,33.66,,839.0,6
15307.0368310547,0.0,,840.0,6
14919.68,0.0,,841.0,6
14000.0,0.0,,842.0,6
-40500.0,48.2,,843.0,6
10927.293845824,0.0,,844.0,6
10637.4943754978,0.0,,845.0,6
10600.0,0.0,,846.0,6
-14047.03,27.51,,847.0,6
9500.8037109375,0.0,,848.0,6
9308.3,0.0,,849.0,6
7343.79,0.0,,850.0,6
6687.09,0.0,,851.0,6
6549.1293945313,0.0,,852.0,6
5384.68,0.0,,853.0,6
-546.2899999999981,1.52,,854.0,6
3819.0370275879,0.0,,855.0,6
3088.4339985087,0.0,,856.0,6
2000.0,0.0,,857.0,6
-0.17,0.01,,858.0,6
1786.5,0.0,,859.0,6
231.61,0.0,,860.0,6
189.99,0.0,,861.0,6
150.0,0.0,,862.0,6
30.689999999999998,0.0,,863.0,6
0.0,0.0,,870.0,6
0.0,0.0,,870.0,6
0.0,0.0,,870.0,6
0.0,0.0,,870.0,6
0.0,0.0,,870.0,6
0.0,0.0,,870.0,6
0.0,0.0,,870.0,6
0.0,0.0,,870.0,6
0.0,0.0,,870.0,6
0.0,0.0,,870.0,6
0.0,0.0,,870.0,6
0.0,0.0,,870.0,6
0.0,0.0,,870.0,6
-9088.91,0.0,,877.0,6
0.0,-48.11,,878.0,6
-290940.95,0.0,,879.0,6
-64957.219999998604,-24.400299999999994,,880.0,6
-1266057.9114758517,-20074.9636,,881.0,6
